row_id,units,weight,duration,gender,stomach_fullness,target
0,4.0,74.6,34,male,full,1
1,4.4,96.1,136,male,full,1
2,3.4,73.2,147,male,empty,1
3,6.4,57.7,58,male,full,0
4,4.7,71.9,156,female,full,1
5,7.3,74.8,201,female,empty,0
6,7.4,76.4,139,female,full,0
7,4.5,73.4,226,female,full,1
8,8.5,49.6,216,female,empty,0
9,3.4,77.4,258,female,full,1
10,2.5,48.3,15,female,full,1
11,3.6,102.0,80,female,full,1
12,4.4,67.9,52,female,full,1
13,6.8,84.2,179,female,empty,1
14,9.4,75.3,323,female,full,1
15,4.4,78.1,106,male,full,1
16,6.6,86.0,166,female,empty,1
17,6.7,69.2,205,female,full,1
18,7.0,79.5,136,female,full,1
19,6.3,69.5,256,female,empty,1
20,7.4,94.1,209,male,full,1
21,5.3,53.8,92,male,full,1
22,5.3,67.2,149,female,full,1
23,4.8,58.8,113,male,full,1
24,7.8,64.4,79,female,full,0
25,3.1,52.0,121,female,full,1
26,4.6,58.3,247,male,empty,1
27,2.8,88.4,256,male,empty,1
28,3.9,105.8,135,male,empty,1
29,5.5,72.0,145,male,empty,1
30,7.2,77.2,133,male,full,1
31,3.7,96.3,211,male,empty,1
32,8.3,60.4,251,female,empty,0
33,4.2,98.4,153,female,empty,1
34,7.2,68.2,140,male,full,1
35,9.3,45.0,18,female,full,0
36,5.1,94.9,166,male,empty,1
37,8.4,63.8,157,female,empty,0
38,5.3,62.0,154,female,full,1
39,4.5,78.9,156,female,empty,1
40,5.0,66.3,123,female,full,1
41,6.0,83.3,166,female,full,1
42,4.4,67.4,220,female,empty,1
43,8.5,77.9,56,male,empty,0
44,6.2,85.1,183,female,full,1
45,8.3,59.4,154,female,empty,0
46,4.3,91.8,212,male,empty,1
47,3.7,59.5,160,male,full,1
48,6.0,72.8,152,male,empty,1
49,3.9,71.3,145,female,full,1
50,4.4,90.7,158,female,empty,1
51,8.1,86.0,187,male,empty,1
52,6.5,83.3,216,male,empty,1
53,3.1,86.0,171,male,empty,1
54,8.6,100.1,166,female,full,1
55,4.6,88.7,104,male,empty,1
56,7.8,46.5,175,male,full,0
57,5.0,92.0,38,female,empty,1
58,4.9,81.3,107,female,full,1
59,3.2,81.7,58,female,empty,1
60,5.7,97.6,67,female,full,1
61,5.8,62.8,144,male,empty,1
62,6.4,98.2,47,male,empty,1
63,7.2,75.9,163,female,full,1
64,2.0,55.8,109,male,full,1
65,4.1,48.5,15,female,empty,0
66,5.1,84.3,194,female,empty,1
67,8.9,86.5,167,male,full,1
68,7.1,57.9,207,female,empty,0
69,4.9,81.3,170,male,empty,1
70,6.9,100.3,184,male,full,1
71,3.6,70.8,152,male,empty,1
72,6.6,71.7,192,female,empty,0
73,7.3,83.6,195,male,full,1
74,5.3,74.0,139,male,full,1
75,5.9,97.4,153,female,full,1
76,5.3,82.2,177,male,full,1
77,4.7,62.3,55,female,full,1
78,6.0,78.5,83,male,empty,1
79,5.0,70.0,248,female,empty,1
80,3.7,50.5,197,male,full,1
81,5.1,82.8,169,male,full,1
82,4.5,62.0,166,female,empty,1
83,6.2,61.3,199,male,full,1
84,6.5,77.8,15,female,full,0
85,2.7,67.8,98,female,empty,1
86,7.4,78.5,283,male,full,1
87,7.7,69.5,262,female,full,1
88,7.9,77.6,172,male,full,1
89,6.0,66.4,15,male,full,0
90,5.4,86.8,91,female,full,1
91,7.2,45.0,250,female,empty,0
92,6.3,81.9,153,female,empty,1
93,7.2,72.5,161,female,full,1
94,4.3,71.0,190,male,full,1
95,7.0,50.3,258,female,full,0
96,6.2,88.4,254,female,empty,1
97,4.7,67.3,215,female,full,1
98,11.3,83.2,195,female,full,0
99,5.2,74.1,249,female,empty,1
100,5.5,57.3,188,female,empty,0
101,4.1,96.9,169,female,full,1
102,5.9,64.4,184,male,empty,1
103,2.8,50.6,220,male,empty,1
104,6.6,71.4,149,male,empty,1
105,6.7,74.6,142,male,full,1
106,7.4,82.6,126,male,empty,1
107,8.4,68.6,121,male,empty,0
108,5.6,90.0,148,female,full,1
109,5.9,80.2,156,male,full,1
110,4.5,73.9,147,female,full,1
111,4.4,57.4,170,male,empty,1
112,5.7,74.4,59,male,full,1
113,4.7,63.0,257,male,full,1
114,3.2,71.1,79,female,empty,1
115,2.6,76.4,111,female,empty,1
116,4.3,79.2,172,male,empty,1
117,2.8,90.6,80,female,empty,1
118,5.3,61.2,15,male,empty,0
119,7.2,54.9,93,male,full,0
120,4.3,75.3,237,female,full,1
121,5.9,87.4,150,female,empty,1
122,7.1,52.3,199,female,full,0
123,3.2,63.8,110,male,empty,1
124,5.8,79.8,65,male,empty,1
125,6.7,45.6,218,female,empty,0
126,4.6,83.7,184,female,empty,1
127,3.0,81.9,78,female,full,1
128,9.5,75.6,169,male,full,1
129,3.0,72.8,138,male,empty,1
130,2.5,92.7,85,female,empty,1
131,6.2,72.3,54,female,full,0
132,4.3,89.8,108,female,full,1
133,5.6,85.0,97,female,empty,1
134,5.2,101.8,64,male,empty,1
135,4.1,80.1,273,female,empty,1
136,5.6,59.9,186,male,full,1
137,6.6,72.8,178,male,full,1
138,9.3,66.0,287,male,full,1
139,4.7,80.2,222,male,empty,1
140,5.9,84.5,219,female,full,1
141,7.7,96.3,134,female,full,1
142,2.9,85.9,109,male,full,1
143,4.9,57.2,139,female,empty,0
144,4.2,61.7,219,female,empty,1
145,4.7,88.1,194,female,empty,1
146,2.6,74.7,199,female,empty,1
147,8.7,75.1,158,female,full,0
148,6.8,84.5,247,female,full,1
149,4.4,104.0,259,male,full,1
150,7.2,73.6,262,male,full,1
151,3.2,78.4,71,male,empty,1
152,1.6,71.3,118,female,empty,1
153,2.5,81.7,162,male,full,1
154,6.3,81.9,103,male,full,1
155,6.0,78.3,240,female,full,1
156,4.0,89.6,192,male,empty,1
157,11.0,70.1,222,male,full,0
158,6.5,93.4,167,male,full,1
159,7.8,73.6,231,male,empty,1
160,6.0,45.0,160,female,full,0
161,3.3,80.2,49,female,empty,1
162,7.4,89.9,36,female,full,0
163,7.3,57.7,134,male,empty,0
164,2.9,48.9,121,female,full,1
165,3.2,45.2,206,female,full,1
166,5.1,71.5,146,male,empty,1
167,7.9,78.3,128,male,empty,0
168,5.8,68.6,228,male,full,1
169,4.9,83.6,102,female,full,1
170,3.2,79.7,158,male,empty,1
171,4.7,77.1,127,male,full,1
172,7.1,88.9,120,male,empty,1
173,6.8,74.7,214,male,empty,1
174,4.9,62.6,218,female,empty,1
175,4.3,93.9,134,female,full,1
176,5.0,62.8,81,male,full,1
177,5.7,85.0,263,female,empty,1
178,5.2,67.8,151,female,empty,1
179,6.6,67.7,15,male,full,0
180,5.9,86.9,202,male,full,1
181,4.9,56.6,165,male,empty,1
182,3.4,60.9,228,male,empty,1
183,2.4,66.1,136,male,empty,1
184,3.9,81.6,165,male,empty,1
185,3.2,81.1,108,female,full,1
186,5.2,59.9,126,female,empty,0
187,5.5,93.6,166,male,full,1
188,5.0,75.4,131,female,full,1
189,1.7,80.1,173,female,full,1
190,7.0,89.2,262,female,empty,1
191,5.5,71.0,122,female,full,1
192,4.9,65.4,103,female,full,1
193,2.4,83.1,128,male,full,1
194,5.2,77.7,211,female,empty,1
195,3.7,85.5,94,male,empty,1
196,5.7,74.3,149,female,full,1
197,5.4,85.6,52,male,full,1
198,6.4,88.3,113,female,empty,1
199,5.8,64.9,15,female,full,0
200,7.8,73.3,195,male,empty,1
201,5.0,69.0,128,male,empty,1
202,4.8,90.5,196,male,empty,1
203,4.5,81.2,112,female,empty,1
204,8.0,86.4,140,male,empty,1
205,2.0,78.5,123,male,empty,1
206,6.5,48.1,249,female,empty,0
207,5.5,67.8,85,male,empty,1
208,6.4,70.0,225,male,empty,1
209,5.4,59.6,41,female,full,0
210,6.1,80.4,208,male,full,1
211,4.2,70.9,256,male,full,1
212,5.4,61.3,240,male,full,1
213,6.4,71.4,37,male,empty,0
214,8.2,68.4,138,female,full,0
215,7.0,65.3,242,female,empty,0
216,10.1,76.4,220,female,empty,0
217,5.1,48.6,222,male,empty,1
218,1.8,80.9,290,male,full,1
219,5.4,89.3,108,male,full,1
220,7.4,74.3,48,male,full,0
221,6.7,73.9,148,female,empty,0
222,7.4,72.0,99,male,empty,0
223,7.6,72.4,140,male,full,1
224,5.5,81.0,40,male,full,1
225,7.4,71.8,253,male,full,1
226,5.9,100.6,221,female,full,1
227,7.4,75.3,357,male,empty,1
228,5.2,95.3,15,male,empty,1
229,4.2,60.3,207,male,empty,1
230,7.3,105.0,275,female,empty,1
231,3.0,76.8,147,male,full,1
232,3.1,84.7,140,male,full,1
233,3.2,57.1,104,female,full,1
234,9.7,83.4,232,male,full,1
235,4.8,72.5,201,male,full,1
236,5.8,54.2,71,female,empty,0
237,6.0,65.0,138,female,empty,0
238,5.4,101.5,211,male,empty,1
239,5.3,64.5,30,female,empty,0
240,3.8,64.5,128,male,full,1
241,4.3,67.4,87,male,empty,1
242,4.3,72.6,134,male,full,1
243,6.0,46.4,124,male,full,0
244,4.9,67.6,247,female,empty,1
245,2.9,106.4,177,female,empty,1
246,5.4,66.7,64,female,empty,0
247,7.0,66.6,128,male,empty,0
248,5.4,90.9,107,female,full,1
249,2.4,92.8,191,female,empty,1
250,3.2,79.0,145,female,empty,1
251,5.0,90.2,259,female,full,1
252,1.4,62.6,169,male,empty,1
253,5.0,70.1,207,male,full,1
254,7.0,67.9,147,female,full,0
255,6.1,83.2,180,male,empty,1
256,7.4,77.5,180,male,full,1
257,6.5,60.1,171,female,full,0
258,5.3,87.1,84,male,full,1
259,4.6,56.9,155,male,full,1
260,7.1,88.4,110,male,empty,1
261,5.0,64.7,266,female,full,1
262,5.9,60.7,313,female,full,1
263,5.0,90.1,207,male,empty,1
264,5.8,80.1,140,male,full,1
265,1.5,87.0,131,female,full,1
266,6.0,81.5,98,female,empty,0
267,2.7,100.2,176,male,full,1
268,5.2,66.0,192,male,full,1
269,3.6,67.6,207,male,empty,1
270,8.3,72.7,59,male,full,0
271,3.9,63.2,135,female,full,1
272,0.7,45.0,209,female,full,1
273,3.4,51.7,168,male,empty,1
274,9.0,87.1,101,female,full,0
275,8.2,64.9,188,male,full,1
276,4.4,82.0,86,female,empty,1
277,9.8,83.1,99,female,empty,0
278,3.6,69.2,182,female,empty,1
279,4.9,65.6,15,female,empty,0
280,3.0,83.1,106,female,empty,1
281,6.5,84.1,147,female,empty,1
282,6.8,63.5,172,female,full,0
283,3.0,87.6,218,female,full,1
284,5.2,92.7,67,female,full,1
285,2.0,70.2,176,female,full,1
286,5.8,77.9,243,female,empty,1
287,6.8,57.3,288,male,full,1
288,3.8,70.7,170,female,empty,1
289,3.3,87.2,184,male,full,1
290,6.2,74.6,211,female,full,1
291,5.2,74.3,137,male,empty,1
292,0.5,96.8,177,male,full,1
293,2.0,75.2,162,male,empty,1
294,7.5,104.1,267,female,empty,1
295,6.7,74.9,185,male,full,1
296,6.7,78.9,88,female,full,1
297,1.9,46.9,57,male,full,1
298,6.9,98.3,105,female,empty,1
299,4.3,53.6,116,male,full,1
300,4.8,90.5,72,male,empty,1
301,3.5,66.7,173,male,empty,1
302,8.0,70.0,124,female,empty,0
303,6.6,68.6,75,male,full,1
304,4.1,83.5,79,female,full,1
305,6.5,72.6,241,female,empty,1
306,5.0,65.5,56,male,full,1
307,7.3,82.6,162,male,full,1
308,2.8,64.4,166,male,full,1
309,3.9,73.4,177,male,empty,1
310,7.1,69.7,19,male,empty,0
311,3.4,83.1,162,male,full,1
312,5.6,87.4,178,male,full,1
313,4.7,59.8,137,male,empty,1
314,4.2,81.1,109,female,empty,1
315,4.1,69.8,166,female,empty,1
316,1.0,59.0,116,female,full,1
317,4.9,93.1,303,male,empty,1
318,3.3,91.4,163,male,full,1
319,7.4,84.2,85,female,empty,0
320,5.5,85.5,190,female,full,1
321,5.1,91.1,106,female,empty,1
322,7.0,71.9,80,male,full,1
323,5.1,77.4,123,male,empty,1
324,5.0,63.5,104,female,full,1
325,7.7,87.5,186,female,full,1
326,5.2,79.0,197,male,empty,1
327,6.5,64.6,204,female,empty,0
328,5.6,90.7,142,male,full,1
329,4.2,80.5,237,male,full,1
330,4.8,70.0,297,male,full,1
331,5.5,84.8,103,male,empty,1
332,5.2,60.7,203,male,empty,1
333,7.4,60.6,129,male,full,0
334,6.3,78.8,226,female,empty,1
335,6.0,69.0,150,male,full,1
336,10.8,78.2,173,male,empty,0
337,7.9,60.7,163,male,full,0
338,5.1,59.4,87,female,empty,0
339,7.8,85.1,68,female,empty,0
340,6.5,62.9,248,male,empty,1
341,3.0,69.8,190,female,empty,1
342,4.3,72.3,133,male,empty,1
343,4.5,68.8,195,female,full,1
344,3.7,89.8,184,male,full,1
345,4.0,73.8,146,male,empty,1
346,6.7,52.5,251,female,full,0
347,6.1,87.3,78,male,empty,1
348,9.3,90.1,202,male,empty,1
349,4.0,70.9,232,male,full,1
350,5.7,71.0,89,male,full,1
351,5.9,58.9,139,male,empty,0
352,4.5,102.9,310,female,empty,1
353,8.9,97.2,15,male,empty,0
354,3.0,50.0,96,male,empty,1
355,3.9,91.8,116,male,empty,1
356,4.5,53.3,64,male,full,1
357,6.0,83.6,98,male,full,1
358,5.5,78.5,150,female,full,1
359,5.4,76.6,198,male,full,1
360,3.8,57.7,114,male,full,1
361,1.4,68.0,294,female,full,1
362,4.6,76.6,109,male,full,1
363,6.5,49.7,162,female,empty,0
364,3.0,70.6,161,female,full,1
365,4.9,96.2,15,female,full,1
366,6.1,79.5,217,male,full,1
367,6.9,64.6,209,female,full,1
368,6.0,61.5,138,male,empty,0
369,5.0,58.0,148,male,full,1
370,3.7,60.1,86,female,full,1
371,8.7,69.6,98,female,full,0
372,2.0,57.7,131,male,empty,1
373,6.8,58.9,206,male,full,1
374,8.2,86.9,110,male,empty,0
375,6.8,67.2,233,female,full,1
376,6.7,79.2,297,male,empty,1
377,7.5,94.1,78,female,empty,0
378,6.5,94.4,163,male,empty,1
379,4.6,80.4,89,female,full,1
380,4.0,86.1,283,male,full,1
381,8.9,60.4,34,female,full,0
382,4.2,69.9,147,female,empty,1
383,5.0,81.3,123,female,empty,1
384,4.9,68.2,209,male,full,1
385,5.2,87.4,207,male,empty,1
386,6.8,74.6,15,female,empty,0
387,5.6,64.4,54,male,empty,0
388,5.8,88.7,181,female,full,1
389,6.3,73.1,23,female,empty,0
390,3.9,60.8,171,male,empty,1
391,3.8,62.2,91,male,full,1
392,5.3,83.3,253,female,full,1
393,6.9,102.4,52,female,full,1
394,8.7,86.5,63,female,full,0
395,6.5,89.5,139,female,full,1
396,3.4,45.6,154,male,full,1
397,5.4,65.6,139,female,full,1
398,6.1,101.6,162,male,full,1
399,7.8,54.6,27,female,full,0
400,5.8,75.9,164,male,full,1
401,7.5,45.0,83,female,full,0
402,5.2,60.2,204,female,full,1
403,3.0,95.5,170,male,full,1
404,3.7,46.9,130,male,full,1
405,2.5,60.9,153,male,full,1
406,0.6,74.2,57,female,empty,1
407,3.9,66.2,170,female,empty,1
408,5.6,76.3,201,male,full,1
409,5.7,65.2,92,female,empty,0
410,5.3,86.9,221,female,full,1
411,0.8,69.3,211,female,empty,1
412,6.2,65.8,135,female,empty,0
413,5.7,73.6,170,female,full,1
414,4.8,104.3,17,male,full,1
415,3.2,84.5,141,male,full,1
416,7.6,68.0,137,female,empty,0
417,3.5,74.7,253,male,full,1
418,5.4,48.8,15,male,full,0
419,6.1,88.3,143,male,full,1
420,6.7,73.1,47,male,empty,0
421,12.0,64.4,105,male,full,0
422,8.4,113.6,107,male,empty,1
423,4.7,87.3,192,female,empty,1
424,6.9,61.2,71,male,empty,0
425,6.4,71.0,89,female,full,0
426,9.9,65.6,63,female,empty,0
427,4.0,78.6,254,female,empty,1
428,8.5,75.3,156,female,empty,0
429,7.3,84.4,136,female,empty,0
430,7.6,83.1,201,male,full,1
431,6.4,61.1,330,male,empty,1
432,6.1,71.8,115,female,full,1
433,5.2,92.5,100,female,full,1
434,6.1,67.3,236,male,empty,1
435,4.9,65.6,132,female,full,1
436,7.5,78.1,179,female,full,1
437,5.2,78.8,95,male,full,1
438,5.6,92.7,214,male,empty,1
439,4.6,83.3,108,male,empty,1
440,4.9,68.9,88,male,empty,1
441,3.2,76.7,162,male,full,1
442,7.1,77.3,128,female,empty,0
443,6.8,98.3,167,female,full,1
444,7.9,76.9,148,female,empty,0
445,4.4,62.0,271,male,full,1
446,5.1,63.8,126,female,full,1
447,6.4,69.8,189,female,empty,0
448,6.3,80.8,31,female,empty,0
449,6.4,82.2,251,male,full,1
450,5.9,54.3,184,female,empty,0
451,4.3,81.8,128,male,full,1
452,3.9,69.5,239,male,empty,1
453,4.8,75.6,49,female,full,1
454,7.7,94.2,217,female,empty,1
455,5.3,84.7,270,female,full,1
456,5.6,74.0,154,female,empty,1
457,7.3,75.4,79,male,full,1
458,6.7,84.9,96,male,empty,1
459,5.0,76.0,211,female,empty,1
460,6.4,69.8,200,male,full,1
461,1.8,67.8,207,male,empty,1
462,6.0,74.8,74,male,full,1
463,4.1,65.0,86,male,empty,1
464,0.6,84.3,243,male,full,1
465,8.6,76.8,272,male,empty,1
466,2.7,86.8,224,male,full,1
467,6.5,105.8,132,female,full,1
468,6.9,79.3,129,male,full,1
469,3.5,75.5,151,female,full,1
470,5.7,69.9,222,male,full,1
471,6.6,80.6,130,female,empty,0
472,1.4,60.7,152,female,empty,1
473,2.1,66.6,106,male,full,1
474,6.7,74.9,75,female,full,0
475,3.6,73.4,187,male,empty,1
476,8.8,67.6,257,male,full,1
477,7.8,68.4,280,male,empty,1
478,4.2,87.9,178,female,empty,1
479,5.8,65.6,104,male,full,1
480,5.5,76.6,204,female,full,1
481,5.6,85.3,176,male,full,1
482,7.1,73.7,15,male,empty,0
483,5.5,61.8,54,male,full,1
484,10.2,63.0,83,female,full,0
485,5.4,45.0,128,male,full,0
486,5.4,67.8,207,male,empty,1
487,3.4,77.3,193,male,full,1
488,4.7,77.1,122,male,empty,1
489,6.5,73.5,131,female,full,1
490,6.8,60.5,93,female,empty,0
491,6.8,49.6,183,male,full,0
492,3.9,91.0,150,male,empty,1
493,3.2,66.5,294,female,full,1
494,6.9,79.8,117,female,empty,0
495,2.6,71.4,176,female,full,1
496,4.0,96.6,172,male,empty,1
497,7.3,80.5,102,female,empty,0
498,6.2,69.4,260,female,empty,1
499,5.2,58.4,156,male,empty,1
500,6.3,83.6,177,male,full,1
501,4.2,70.4,75,female,full,1
502,3.6,94.8,150,female,full,1
503,1.8,108.1,15,female,full,1
504,5.0,87.9,29,male,full,1
505,4.7,72.7,205,female,full,1
506,7.7,70.5,127,female,full,0
507,5.4,77.2,162,female,full,1
508,7.3,67.8,247,male,full,1
509,2.4,68.7,140,female,full,1
510,7.5,81.0,199,female,full,1
511,5.1,84.2,153,male,full,1
512,8.7,84.1,415,male,full,1
513,5.9,65.0,113,male,full,1
514,5.4,80.7,91,male,empty,1
515,0.5,83.8,273,male,empty,1
516,7.0,68.3,236,female,empty,0
517,6.5,82.2,129,female,empty,0
518,5.4,66.9,101,female,full,1
519,4.3,69.8,99,female,full,1
520,4.7,68.1,230,female,empty,1
521,8.8,49.9,104,female,full,0
522,2.0,75.8,101,female,full,1
523,7.6,87.7,71,male,empty,0
524,7.3,65.9,139,male,empty,0
525,6.8,56.6,278,male,empty,1
526,4.4,59.7,19,female,full,0
527,6.9,80.4,419,male,full,1
528,1.6,61.0,218,female,empty,1
529,3.9,62.2,247,male,full,1
530,5.0,79.9,60,female,empty,1
531,3.2,60.2,154,female,empty,1
532,7.8,67.0,267,male,full,1
533,5.7,52.4,159,female,empty,0
534,8.8,80.8,263,female,empty,0
535,5.7,63.1,209,male,empty,1
536,5.4,93.3,202,female,full,1
537,5.8,83.0,134,male,full,1
538,4.6,60.3,92,female,full,1
539,4.0,70.4,74,female,empty,1
540,4.5,70.7,34,female,full,1
541,2.0,69.2,38,female,full,1
542,7.9,71.9,114,male,full,1
543,5.0,69.2,90,male,empty,1
544,7.3,62.2,264,female,empty,0
545,6.1,67.8,15,male,full,0
546,2.8,67.1,154,male,full,1
547,7.5,68.6,178,female,full,0
548,8.0,74.7,121,male,empty,0
549,6.1,67.5,232,male,full,1
550,4.3,79.8,180,male,empty,1
551,5.2,64.7,310,male,full,1
552,5.0,73.8,126,male,full,1
553,6.7,81.2,36,male,full,1
554,5.3,89.5,139,male,empty,1
555,7.8,65.8,129,female,full,0
556,4.3,94.5,135,female,full,1
557,6.7,93.7,220,female,full,1
558,0.7,59.1,88,male,empty,1
559,10.1,85.1,118,female,empty,0
560,7.4,68.2,100,male,full,1
561,6.3,84.4,106,male,full,1
562,4.9,50.3,175,male,full,1
563,3.9,51.4,190,female,empty,1
564,5.8,65.5,98,female,full,0
565,4.9,70.2,248,female,empty,1
566,7.6,86.6,76,male,full,1
567,3.4,58.6,151,male,full,1
568,5.2,63.1,124,female,full,1
569,4.4,101.4,88,male,full,1
570,8.7,87.4,236,male,empty,1
571,4.4,84.1,142,female,empty,1
572,1.7,65.3,268,male,empty,1
573,6.0,65.1,15,male,full,0
574,8.4,58.9,188,female,empty,0
575,5.5,90.2,241,male,full,1
576,4.5,88.0,146,female,full,1
577,5.1,64.1,207,female,full,1
578,4.4,67.5,189,female,full,1
579,1.8,61.0,170,male,full,1
580,9.2,82.3,253,male,full,1
581,5.9,82.9,145,male,empty,1
582,3.9,74.5,162,male,full,1
583,6.5,91.8,124,male,full,1
584,2.9,81.2,93,female,empty,1
585,4.4,82.0,179,female,empty,1
586,3.0,73.2,105,male,full,1
587,3.6,57.2,151,female,empty,1
588,3.7,77.1,171,female,full,1
589,5.9,71.7,267,male,empty,1
590,5.8,71.4,81,female,empty,0
591,8.0,58.3,140,male,empty,0
592,11.1,56.5,138,female,full,0
593,4.9,63.1,183,male,empty,1
594,5.4,81.3,197,male,full,1
595,5.3,63.3,195,female,empty,1
596,5.7,54.7,139,male,full,1
597,4.9,57.0,128,female,full,1
598,1.9,74.4,15,female,full,1
599,1.8,71.4,232,female,empty,1
600,5.6,87.6,140,female,full,1
601,7.7,64.7,155,female,full,0
602,5.9,81.6,56,female,empty,0
603,8.0,51.3,279,male,full,0
604,7.9,47.9,97,male,empty,0
605,5.4,69.6,161,male,full,1
606,3.4,74.1,249,female,empty,1
607,4.6,77.1,29,male,full,1
608,6.5,65.1,159,female,empty,0
609,0.5,79.4,15,female,full,1
610,8.5,67.1,115,female,empty,0
611,9.2,79.3,241,male,full,1
612,3.3,80.0,297,female,full,1
613,4.3,71.4,91,male,full,1
614,6.8,75.8,163,male,full,1
615,7.6,82.0,123,female,full,1
616,4.0,68.6,144,male,full,1
617,6.3,45.0,206,female,empty,0
618,5.8,72.8,56,male,full,1
619,5.6,85.9,25,female,empty,0
620,8.8,81.8,105,male,full,1
621,6.4,56.9,205,male,full,1
622,3.4,70.5,154,male,full,1
623,6.7,66.8,42,male,full,0
624,5.0,81.8,77,female,full,1
625,6.5,80.6,224,female,empty,1
626,6.8,96.9,118,female,empty,1
627,3.2,59.7,88,male,empty,1
628,1.7,62.9,126,female,full,1
629,5.6,89.9,43,male,full,1
630,6.5,64.3,189,male,empty,1
631,5.9,68.9,196,female,full,1
632,8.1,68.0,87,male,empty,0
633,6.0,93.8,178,male,empty,1
634,3.9,91.3,179,female,empty,1
635,5.5,76.1,55,female,empty,0
636,6.1,64.1,226,female,empty,0
637,7.7,46.5,205,female,full,0
638,2.6,58.4,51,female,empty,1
639,7.3,68.6,141,male,empty,0
640,8.5,79.7,262,female,empty,0
641,8.9,55.9,146,male,full,0
642,6.0,69.3,166,male,full,1
643,4.5,69.7,290,female,full,1
644,5.6,86.3,130,male,empty,1
645,4.6,81.4,188,male,full,1
646,3.4,83.8,114,male,empty,1
647,5.1,80.3,182,female,empty,1
648,5.1,60.5,196,female,empty,1
649,7.1,104.6,220,female,empty,1
650,4.0,46.8,177,male,empty,1
651,6.1,77.3,131,female,full,1
652,4.2,56.7,274,male,full,1
653,5.3,80.2,236,female,empty,1
654,3.5,61.2,195,male,empty,1
655,3.9,59.3,74,male,full,1
656,6.6,66.2,105,female,empty,0
657,7.6,62.8,15,male,empty,0
658,5.9,67.7,170,female,empty,0
659,5.1,52.7,174,female,full,1
660,6.4,95.0,169,male,empty,1
661,5.3,68.5,89,female,empty,0
662,6.5,88.8,24,female,full,0
663,5.6,67.5,118,female,empty,0
664,6.8,76.6,151,male,empty,1
665,7.9,88.7,183,female,full,1
666,6.0,87.0,148,male,full,1
667,3.2,72.2,168,male,empty,1
668,6.8,90.6,44,male,full,1
669,6.2,50.4,240,male,empty,0
670,4.7,68.4,99,female,empty,1
671,7.1,74.1,190,male,empty,1
672,6.6,92.9,242,male,full,1
673,7.7,63.2,172,male,empty,0
674,7.3,71.8,165,female,empty,0
675,6.0,63.0,15,male,empty,0
676,5.5,102.7,235,female,full,1
677,5.2,94.9,116,male,full,1
678,8.6,65.7,43,male,full,0
679,6.6,45.0,40,female,full,0
680,6.0,59.1,66,female,full,0
681,3.1,92.6,247,male,empty,1
682,9.2,78.4,235,female,full,0
683,8.1,88.8,112,female,empty,0
684,7.8,53.3,237,female,full,0
685,6.4,66.3,203,female,full,1
686,3.8,77.3,118,male,empty,1
687,7.4,47.4,54,male,full,0
688,7.7,80.4,72,male,full,1
689,5.4,94.7,167,female,full,1
690,4.2,71.6,26,female,empty,1
691,7.4,68.3,93,male,full,0
692,5.5,86.7,180,female,full,1
693,4.7,93.8,270,male,empty,1
694,4.7,75.1,144,female,full,1
695,6.0,72.7,125,female,full,1
696,4.8,65.8,110,female,full,1
697,2.3,65.9,114,male,full,1
698,2.7,65.8,83,female,full,1
699,2.9,61.7,119,male,full,1
700,8.3,56.7,69,female,empty,0
701,9.4,105.0,110,female,full,1
702,4.3,64.8,231,male,empty,1
703,4.2,102.6,70,male,empty,1
704,2.3,120.0,343,male,full,1
705,9.2,95.5,25,female,full,0
706,9.4,46.9,173,female,full,0
707,5.3,45.0,44,female,full,0
708,5.5,90.0,137,female,full,1
709,6.0,92.7,51,male,empty,1
710,5.6,68.9,38,female,full,0
711,3.9,79.0,179,male,empty,1
712,8.2,79.3,201,female,full,1
713,5.9,68.5,128,male,empty,1
714,7.4,89.6,59,female,empty,0
715,6.0,74.3,111,male,empty,1
716,7.8,61.1,104,female,full,0
717,6.6,74.6,240,female,full,1
718,3.5,94.7,162,male,empty,1
719,7.1,72.4,75,male,empty,0
720,5.2,73.7,270,male,full,1
721,2.7,59.2,125,female,full,1
722,4.1,87.3,157,male,full,1
723,5.0,67.4,207,male,full,1
724,3.3,77.4,213,female,full,1
725,3.8,72.3,109,female,full,1
726,5.0,57.4,161,male,full,1
727,3.6,80.4,188,female,full,1
728,3.3,67.8,168,male,full,1
729,4.9,81.9,79,female,empty,1
730,9.1,65.5,160,female,empty,0
731,10.3,70.7,208,male,empty,0
732,4.9,45.0,320,female,empty,1
733,5.7,75.1,89,female,empty,0
734,4.0,70.6,170,female,empty,1
735,8.5,73.9,205,male,full,1
736,6.4,68.7,151,male,empty,1
737,9.2,47.9,260,male,empty,0
738,2.7,47.5,109,female,full,1
739,4.3,105.7,198,male,empty,1
740,4.1,66.1,174,female,full,1
741,4.8,72.3,123,male,empty,1
742,4.3,72.6,92,male,empty,1
743,6.3,94.2,17,male,full,1
744,7.5,73.5,172,male,empty,1
745,3.4,85.0,123,male,full,1
746,7.3,87.5,170,female,empty,1
747,7.3,70.6,212,female,full,1
748,3.7,63.2,177,male,full,1
749,6.0,71.0,216,female,empty,1
750,4.4,77.8,191,male,empty,1
751,4.1,60.2,157,female,full,1
752,6.0,60.0,214,female,full,1
753,4.2,103.9,37,male,empty,1
754,2.6,71.9,28,male,empty,1
755,7.1,86.6,83,male,full,1
756,4.2,88.9,300,female,empty,1
757,2.1,75.0,178,male,full,1
758,1.7,57.2,202,female,full,1
759,5.4,83.2,128,male,empty,1
760,2.6,79.4,255,male,empty,1
761,6.1,100.5,81,female,full,1
762,3.8,60.2,116,male,full,1
763,8.5,76.1,179,male,full,1
764,3.0,55.9,210,male,full,1
765,4.4,56.7,167,male,empty,1
766,3.7,85.2,205,male,full,1
767,4.9,90.2,191,female,empty,1
768,7.0,63.9,165,female,empty,0
769,5.7,85.2,86,male,full,1
770,3.7,57.4,169,female,full,1
771,5.5,76.3,228,female,empty,1
772,5.6,55.9,156,male,empty,1
773,5.9,68.0,196,female,empty,1
774,6.7,56.7,115,male,full,0
775,4.9,84.7,109,female,full,1
776,5.7,67.6,158,female,full,1
777,8.1,54.7,130,female,empty,0
778,5.8,84.6,99,female,full,1
779,6.5,75.1,293,female,empty,1
780,7.1,73.0,74,female,full,0
781,5.0,59.6,288,female,full,1
782,7.0,100.9,100,male,empty,1
783,2.3,95.6,107,male,empty,1
784,5.2,64.7,97,male,full,1
785,9.0,61.6,231,male,empty,0
786,4.6,79.8,131,male,full,1
787,2.7,54.7,52,male,empty,1
788,6.8,64.3,125,female,empty,0
789,5.4,89.6,225,male,empty,1
790,8.2,82.1,180,female,empty,0
791,3.5,72.6,49,male,full,1
792,2.5,71.8,68,male,full,1
793,7.2,73.0,32,female,full,0
794,6.5,96.8,150,female,full,1
795,5.4,75.5,102,female,full,1
796,4.9,58.0,212,male,full,1
797,6.9,64.9,129,female,full,0
798,8.7,78.4,59,female,empty,0
799,3.7,80.8,112,male,full,1
800,6.1,109.3,94,female,empty,1
801,4.8,73.4,267,female,full,1
802,6.3,105.9,65,female,full,1
803,5.1,70.6,132,female,full,1
804,6.3,69.6,190,female,empty,0
805,7.3,60.4,122,female,empty,0
806,2.5,95.0,105,male,full,1
807,3.9,84.1,15,male,empty,1
808,4.8,64.0,170,female,empty,1
809,3.5,92.1,164,female,empty,1
810,5.7,68.0,142,male,empty,1
811,5.9,70.0,252,female,full,1
812,9.0,55.8,167,male,full,0
813,9.0,59.5,203,female,empty,0
814,5.6,85.1,151,male,full,1
815,7.9,86.7,147,male,full,1
816,6.1,75.3,78,female,full,1
817,5.8,98.0,258,male,empty,1
818,2.8,80.2,15,male,empty,1
819,3.2,72.1,38,female,full,1
820,7.1,71.6,101,male,full,1
821,6.8,69.0,199,male,full,1
822,1.2,91.5,15,female,full,1
823,4.8,72.6,328,female,full,1
824,6.3,96.4,160,male,full,1
825,6.9,69.3,165,male,full,1
826,5.4,63.3,133,female,full,1
827,4.7,73.7,116,female,full,1
828,8.7,55.2,37,female,empty,0
829,2.8,75.2,85,male,empty,1
830,5.5,62.2,218,male,empty,1
831,3.2,68.9,167,female,full,1
832,5.7,61.7,133,male,full,1
833,5.2,73.8,122,female,empty,1
834,6.1,65.6,63,male,full,1
835,6.0,98.2,184,male,empty,1
836,2.8,90.4,148,female,empty,1
837,5.4,52.7,216,female,full,1
838,5.9,57.4,192,male,full,1
839,4.6,45.3,211,female,full,1
840,6.0,75.0,145,male,empty,1
841,5.0,52.7,240,male,full,1
842,6.5,68.0,230,female,full,1
843,3.7,56.5,96,male,empty,1
844,9.4,71.1,125,female,empty,0
845,7.8,70.2,249,male,empty,1
846,4.4,88.1,134,female,full,1
847,6.0,88.0,210,female,full,1
848,5.4,73.1,186,female,full,1
849,7.6,82.5,144,male,full,1
850,6.0,52.1,73,male,empty,0
851,5.4,72.4,295,male,full,1
852,7.8,71.5,172,female,empty,0
853,1.6,74.5,151,male,full,1
854,8.4,90.4,233,female,full,1
855,4.6,64.0,93,male,empty,1
856,3.7,87.0,207,male,full,1
857,8.8,71.1,127,female,full,0
858,3.0,68.5,224,male,empty,1
859,8.9,87.9,67,female,full,0
860,7.8,72.9,77,female,empty,0
861,6.4,75.6,144,male,full,1
862,0.6,59.0,237,male,full,1
863,5.8,85.4,142,male,empty,1
864,6.5,61.3,105,male,empty,0
865,5.2,84.6,184,female,empty,1
866,4.3,63.8,75,male,full,1
867,5.8,86.3,192,male,full,1
868,8.3,53.0,194,female,empty,0
869,7.5,89.8,145,female,full,1
870,7.0,93.4,204,male,full,1
871,10.6,74.8,71,male,full,0
872,1.7,72.7,58,female,empty,1
873,4.5,95.3,203,female,empty,1
874,6.8,72.0,253,male,full,1
875,5.0,67.8,103,male,full,1
876,5.3,80.3,80,male,full,1
877,4.1,76.8,127,female,empty,1
878,6.7,47.4,71,female,full,0
879,2.1,76.6,91,female,full,1
880,10.2,53.4,187,female,empty,0
881,10.0,97.2,297,male,empty,1
882,7.5,63.5,15,male,full,0
883,6.5,59.2,242,female,full,1
884,4.2,92.4,115,female,empty,1
885,3.8,85.4,250,female,empty,1
886,5.4,84.9,62,male,full,1
887,6.3,67.5,103,male,empty,0
888,4.3,66.0,152,male,full,1
889,6.6,68.6,96,male,empty,0
890,6.4,76.7,208,male,full,1
891,6.7,74.2,39,male,empty,0
892,5.8,51.6,233,male,empty,1
893,5.6,83.5,89,male,empty,1
894,4.9,84.8,272,male,full,1
895,8.4,67.7,84,male,empty,0
896,5.5,102.4,123,female,empty,1
897,4.6,72.0,100,male,full,1
898,7.6,60.9,45,male,full,0
899,7.2,45.0,37,male,full,0
900,6.3,64.5,239,male,full,1
901,4.5,83.5,21,male,full,1
902,7.9,70.9,283,female,empty,0
903,3.4,57.2,207,male,empty,1
904,5.1,81.9,286,female,empty,1
905,6.5,59.6,247,male,full,1
906,3.5,56.4,111,male,full,1
907,7.4,71.3,94,female,empty,0
908,8.5,45.0,117,male,full,0
909,6.6,92.8,152,male,empty,1
910,5.4,65.2,204,female,empty,1
911,4.3,73.0,187,male,empty,1
912,3.9,45.0,238,female,full,1
913,5.8,83.2,120,male,empty,1
914,1.6,55.7,40,female,full,1
915,7.1,74.9,71,female,empty,0
916,4.0,53.6,289,male,full,1
917,4.6,61.6,209,female,empty,1
918,4.6,90.1,150,female,empty,1
919,4.7,69.4,185,female,full,1
920,2.5,55.6,95,male,empty,1
921,7.0,77.7,223,female,full,1
922,3.7,100.5,292,male,empty,1
923,2.8,105.3,231,male,full,1
924,2.4,100.7,58,male,full,1
925,4.8,91.5,70,male,full,1
926,5.0,87.2,207,male,empty,1
927,5.7,76.9,99,male,empty,1
928,7.7,47.5,50,female,empty,0
929,4.3,82.5,267,female,full,1
930,3.8,62.5,115,male,empty,1
931,3.8,61.3,239,female,empty,1
932,5.5,68.4,70,female,full,1
933,7.1,91.2,245,female,full,1
934,6.8,75.2,97,female,full,0
935,3.2,87.5,127,female,empty,1
936,2.0,91.0,32,male,empty,1
937,7.7,85.6,172,male,empty,1
938,8.4,52.5,224,male,full,0
939,4.3,78.6,204,female,full,1
940,4.2,68.4,26,male,empty,1
941,6.7,81.6,73,male,empty,1
942,4.6,86.7,216,female,full,1
943,4.4,61.8,53,female,empty,0
944,4.0,104.2,161,male,empty,1
945,6.3,97.6,296,male,empty,1
946,5.2,66.7,217,male,empty,1
947,3.6,72.1,207,male,empty,1
948,7.7,75.6,191,male,empty,1
949,8.5,79.3,148,female,empty,0
950,6.0,52.5,81,male,empty,0
951,5.4,66.5,60,female,empty,0
952,2.0,67.7,134,female,empty,1
953,6.7,91.3,123,female,full,1
954,4.6,73.9,213,female,full,1
955,4.7,68.1,215,male,full,1
956,7.1,77.0,270,female,empty,1
957,2.2,85.4,278,female,full,1
958,2.0,67.7,203,male,full,1
959,4.1,78.1,58,male,empty,1
960,3.2,72.5,162,female,empty,1
961,8.5,64.7,149,female,empty,0
962,8.8,54.7,77,female,full,0
963,4.8,57.3,119,male,empty,1
964,5.9,56.4,225,female,full,1
965,5.5,79.5,75,female,empty,0
966,9.4,72.2,150,male,full,0
967,5.1,78.2,144,female,empty,1
968,3.1,66.1,15,male,full,1
969,4.5,72.3,279,female,full,1
970,4.4,73.2,132,male,full,1
971,7.9,54.9,208,male,full,0
972,9.5,52.7,185,female,empty,0
973,6.2,60.3,196,male,full,1
974,6.8,77.2,52,male,empty,0
975,3.5,64.0,220,male,full,1
976,7.8,66.4,219,male,empty,0
977,4.0,85.7,184,male,empty,1
978,7.9,72.8,88,female,full,0
979,2.3,49.4,117,female,empty,1
980,10.9,101.9,73,male,full,0
981,7.6,97.9,270,female,full,1
982,5.3,66.0,122,female,full,1
983,2.7,80.4,152,male,full,1
984,2.1,78.7,216,female,empty,1
985,8.9,65.9,110,female,empty,0
986,6.1,110.4,15,male,full,1
987,9.0,67.3,57,female,full,0
988,5.0,81.3,80,female,empty,1
989,7.4,85.1,263,male,empty,1
990,4.2,74.2,139,female,empty,1
991,4.6,80.5,106,male,full,1
992,5.4,56.5,144,male,empty,1
993,5.0,69.4,157,female,empty,1
994,3.8,87.4,174,male,full,1
995,7.0,46.5,120,male,full,0
996,8.3,74.4,205,female,empty,0
997,4.2,85.7,215,male,empty,1
998,3.6,74.3,110,male,full,1
999,5.5,81.0,97,male,empty,1
1000,4.0,69.9,250,female,full,1
1001,6.1,68.5,87,female,full,0
1002,5.8,59.9,208,female,full,1
1003,5.9,57.7,127,male,empty,0
1004,5.7,71.1,108,female,full,1
1005,5.0,57.1,131,male,full,1
1006,5.1,75.1,225,male,empty,1
1007,6.2,84.5,59,female,empty,0
1008,4.0,91.1,67,male,empty,1
1009,4.6,93.9,74,female,empty,1
1010,7.5,85.0,120,female,full,1
1011,5.3,79.0,285,male,full,1
1012,1.6,83.9,161,male,empty,1
1013,3.9,48.0,206,female,empty,1
1014,5.8,107.1,137,male,empty,1
1015,1.4,55.7,157,male,full,1
1016,3.8,85.0,177,female,empty,1
1017,3.9,56.0,191,male,empty,1
1018,6.7,90.5,156,female,empty,1
1019,5.9,91.0,127,female,empty,1
1020,6.9,73.1,283,male,full,1
1021,2.6,89.7,197,male,empty,1
1022,3.7,89.0,53,male,full,1
1023,3.7,83.9,98,male,empty,1
1024,4.0,70.1,99,female,empty,1
1025,2.0,77.0,248,female,full,1
1026,7.9,79.7,84,female,full,0
1027,6.2,70.3,208,male,full,1
1028,8.9,57.5,176,female,empty,0
1029,4.7,62.8,180,female,empty,1
1030,0.8,63.3,137,male,empty,1
1031,2.1,72.2,169,male,empty,1
1032,6.7,76.2,47,female,empty,0
1033,5.9,84.4,51,female,full,1
1034,7.2,74.9,168,male,full,1
1035,2.9,85.2,141,male,empty,1
1036,5.0,70.9,210,male,full,1
1037,6.9,63.8,178,male,empty,0
1038,2.4,52.9,42,male,empty,1
1039,5.2,79.2,120,male,full,1
1040,9.7,82.8,196,male,empty,0
1041,6.5,81.8,152,male,empty,1
1042,4.6,53.1,115,female,empty,0
1043,6.7,89.8,148,male,empty,1
1044,8.4,88.6,242,male,full,1
1045,4.0,98.0,66,male,empty,1
1046,5.3,86.4,49,male,full,1
1047,5.5,79.9,153,male,empty,1
1048,4.6,81.0,214,male,full,1
1049,7.4,93.6,175,female,full,1
1050,5.8,87.0,133,female,empty,1
1051,6.2,64.6,76,male,empty,0
1052,5.8,73.5,35,female,empty,0
1053,3.9,95.3,15,male,full,1
1054,6.7,78.5,94,female,empty,0
1055,6.5,54.1,180,male,full,1
1056,6.1,70.7,77,female,empty,0
1057,5.6,65.5,193,female,empty,1
1058,7.2,67.8,88,female,empty,0
1059,4.9,76.6,145,female,full,1
1060,8.4,98.7,203,female,full,1
1061,3.2,93.2,50,female,full,1
1062,1.5,74.6,235,female,empty,1
1063,1.3,66.1,15,female,full,1
1064,1.6,85.5,73,male,full,1
1065,7.6,90.4,214,female,full,1
1066,4.3,64.4,128,male,full,1
1067,3.1,79.6,132,male,empty,1
1068,5.9,75.7,37,female,full,0
1069,1.6,79.3,158,male,full,1
1070,4.8,86.1,176,male,full,1
1071,5.1,49.9,139,male,full,1
1072,7.0,92.3,163,female,empty,1
1073,2.6,68.3,116,female,full,1
1074,6.0,75.8,120,female,full,1
1075,3.1,69.4,194,female,full,1
1076,6.2,73.7,76,male,full,1
1077,8.1,58.8,145,male,full,0
1078,4.3,61.5,76,female,empty,0
1079,1.4,81.8,86,female,full,1
1080,10.0,72.7,234,male,empty,0
1081,5.4,81.2,114,female,full,1
1082,6.5,67.8,110,female,empty,0
1083,10.2,61.7,21,male,empty,0
1084,3.5,90.7,121,female,full,1
1085,5.9,65.0,163,male,empty,1
1086,4.4,84.1,146,male,full,1
1087,6.1,94.3,175,female,full,1
1088,5.8,58.8,194,male,full,1
1089,7.9,58.0,143,male,full,0
1090,8.2,92.5,180,female,full,1
1091,4.6,75.4,183,female,full,1
1092,2.9,69.5,282,male,full,1
1093,6.8,80.4,273,female,full,1
1094,3.5,100.2,117,male,empty,1
1095,3.6,66.9,174,male,full,1
1096,5.6,72.0,170,male,empty,1
1097,4.5,64.0,128,female,full,1
1098,4.9,67.1,104,female,full,1
1099,7.4,72.4,70,male,full,0
1100,5.8,61.4,106,male,empty,0
1101,6.3,101.4,75,male,empty,1
1102,3.5,85.9,172,female,empty,1
1103,5.0,69.8,84,male,full,1
1104,8.7,71.8,26,male,full,0
1105,6.3,94.4,49,female,empty,0
1106,5.6,85.4,207,female,empty,1
1107,9.5,47.1,42,male,full,0
1108,7.7,67.7,141,female,full,0
1109,6.0,65.0,192,male,full,1
1110,3.3,87.3,160,male,empty,1
1111,4.0,69.4,130,female,empty,1
1112,6.6,85.7,144,male,empty,1
1113,6.2,85.9,125,male,full,1
1114,7.2,72.1,178,male,full,1
1115,4.3,81.0,38,female,empty,1
1116,7.7,81.1,68,male,full,1
1117,3.6,86.4,107,female,empty,1
1118,1.3,65.0,26,female,empty,1
1119,7.3,73.5,76,female,empty,0
1120,5.2,76.4,265,male,full,1
1121,5.1,74.4,88,female,empty,1
1122,3.1,66.2,186,female,full,1
1123,3.7,74.4,15,male,empty,1
1124,4.7,64.7,216,male,full,1
1125,6.9,70.3,158,male,full,1
1126,5.3,72.6,105,female,full,1
1127,6.6,92.4,212,male,empty,1
1128,6.1,68.7,98,female,empty,0
1129,6.1,64.0,127,male,full,1
1130,5.1,65.6,85,female,full,1
1131,4.4,79.6,140,male,full,1
1132,5.1,75.3,97,male,full,1
1133,1.9,93.4,155,female,full,1
1134,8.5,74.6,323,female,full,1
1135,5.8,86.4,174,male,empty,1
1136,2.8,64.8,149,female,empty,1
1137,6.4,85.9,204,female,full,1
1138,5.5,70.6,226,male,full,1
1139,7.9,72.4,199,male,full,1
1140,7.8,56.0,122,male,empty,0
1141,5.8,57.0,200,male,empty,1
1142,0.5,59.1,149,female,full,1
1143,3.9,64.4,183,female,empty,1
1144,7.3,74.2,15,female,empty,0
1145,3.5,83.7,116,male,full,1
1146,6.7,87.5,116,male,full,1
1147,4.0,63.2,153,female,full,1
1148,5.1,58.9,217,female,full,1
1149,4.5,77.8,140,female,empty,1
1150,4.3,51.7,116,female,full,1
1151,5.3,64.0,52,female,full,0
1152,8.0,83.5,121,female,empty,0
1153,6.9,78.7,66,male,full,1
1154,4.1,51.0,156,male,full,1
1155,3.5,83.1,84,male,empty,1
1156,4.8,84.7,190,female,full,1
1157,3.9,64.7,155,male,empty,1
1158,5.5,45.0,160,female,full,0
1159,6.8,85.7,142,male,full,1
1160,6.2,50.1,149,male,full,0
1161,0.5,88.7,134,male,empty,1
1162,6.3,88.6,274,female,full,1
1163,6.7,66.9,171,male,empty,1
1164,7.2,93.4,81,female,full,1
1165,7.3,57.8,133,female,full,0
1166,6.4,61.6,66,male,empty,0
1167,6.0,80.5,136,male,full,1
1168,7.0,49.1,256,male,empty,0
1169,3.6,69.6,137,female,full,1
1170,7.6,80.2,137,male,full,1
1171,4.3,110.1,82,male,empty,1
1172,5.4,97.1,151,female,empty,1
1173,5.5,72.5,143,female,empty,1
1174,6.2,62.2,179,male,full,1
1175,5.4,91.0,164,female,empty,1
1176,9.3,90.0,63,male,empty,0
1177,0.5,73.8,149,male,empty,1
1178,4.0,67.1,230,male,empty,1
1179,4.9,88.3,92,male,empty,1
1180,6.4,68.6,134,male,full,1
1181,3.3,69.2,247,female,full,1
1182,7.9,61.0,185,female,full,0
1183,7.1,81.4,133,female,empty,0
1184,5.4,47.6,40,male,full,0
1185,6.5,100.9,75,female,full,1
1186,4.8,45.0,173,female,full,0
1187,4.7,93.3,104,male,empty,1
1188,1.1,59.6,71,male,full,1
1189,4.1,91.4,177,female,empty,1
1190,8.6,57.3,31,male,full,0
1191,3.7,93.1,154,male,empty,1
1192,6.0,52.8,149,male,full,1
1193,5.7,57.6,187,female,empty,0
1194,6.0,70.1,202,male,full,1
1195,6.4,64.4,241,male,empty,1
1196,4.9,68.6,170,male,empty,1
1197,5.7,93.9,56,male,full,1
1198,5.6,79.0,101,female,empty,1
1199,7.3,99.6,97,male,full,1
1200,3.4,81.7,119,male,empty,1
1201,4.4,70.7,72,male,full,1
1202,3.4,63.9,210,female,empty,1
1203,5.5,81.1,151,male,empty,1
1204,4.9,79.7,61,female,full,1
1205,7.8,110.3,134,female,empty,1
1206,0.7,64.3,115,female,full,1
1207,3.5,55.6,18,female,full,1
1208,8.0,52.5,122,female,full,0
1209,0.9,94.3,185,female,empty,1
1210,2.7,86.2,210,male,full,1
1211,5.6,69.1,230,male,full,1
1212,5.0,73.5,122,female,full,1
1213,4.9,74.7,136,male,full,1
1214,7.9,69.6,137,male,full,1
1215,6.9,52.7,240,male,empty,0
1216,5.1,76.2,61,female,full,1
1217,8.5,61.4,162,female,empty,0
1218,5.2,89.0,128,male,full,1
1219,4.4,50.8,153,male,empty,1
1220,1.7,96.3,124,male,empty,1
1221,8.7,62.7,289,female,full,0
1222,6.3,103.9,200,male,empty,1
1223,8.6,69.3,103,male,empty,0
1224,3.5,74.0,59,male,full,1
1225,3.7,91.6,258,female,empty,1
1226,6.3,75.9,117,male,empty,1
1227,0.5,65.5,78,male,full,1
1228,3.4,51.4,87,male,full,1
1229,4.0,80.4,205,male,empty,1
1230,2.1,66.9,147,male,full,1
1231,10.9,87.8,209,female,full,0
1232,3.7,81.5,15,female,empty,1
1233,2.9,62.0,151,female,full,1
1234,4.6,66.7,195,male,empty,1
1235,5.1,68.5,135,male,full,1
1236,2.0,76.6,108,male,full,1
1237,5.2,75.1,134,female,empty,1
1238,7.3,69.2,215,female,full,1
1239,7.8,69.7,143,female,full,0
1240,6.5,84.7,244,female,empty,1
1241,6.1,75.8,218,female,empty,1
1242,6.4,98.8,130,male,empty,1
1243,6.6,68.8,121,female,empty,0
1244,5.5,86.3,112,male,full,1
1245,5.7,80.6,200,male,full,1
1246,7.9,68.7,317,female,full,1
1247,4.7,75.3,163,male,empty,1
1248,6.0,77.8,203,female,full,1
1249,6.2,82.7,207,female,empty,1
1250,5.3,59.9,183,female,full,1
1251,7.0,88.9,170,male,full,1
1252,7.5,75.6,69,male,empty,0
1253,5.4,67.8,228,male,empty,1
1254,5.2,97.8,109,male,full,1
1255,3.9,66.7,210,female,full,1
1256,3.5,78.2,187,male,empty,1
1257,6.4,64.9,146,female,empty,0
1258,7.9,81.5,124,female,full,0
1259,2.3,68.9,169,male,empty,1
1260,4.4,49.9,112,male,full,1
1261,5.7,75.6,89,male,full,1
1262,9.1,68.6,168,male,full,0
1263,3.2,74.6,215,male,full,1
1264,5.9,78.5,39,female,full,1
1265,6.3,53.3,82,female,full,0
1266,6.7,95.0,190,male,empty,1
1267,1.6,83.9,198,female,empty,1
1268,6.3,63.6,183,female,full,1
1269,7.6,84.1,226,male,full,1
1270,1.9,45.0,105,male,full,1
1271,6.3,63.2,220,female,full,1
1272,7.1,57.0,51,male,empty,0
1273,6.2,95.6,248,female,full,1
1274,2.6,53.0,105,male,empty,1
1275,5.3,84.9,178,male,empty,1
1276,7.5,86.2,205,female,empty,1
1277,3.4,48.1,273,female,full,1
1278,6.8,66.4,124,male,full,1
1279,4.6,81.4,139,male,full,1
1280,10.9,63.9,177,female,full,0
1281,6.1,70.9,129,female,full,1
1282,3.2,85.0,205,male,full,1
1283,6.7,55.4,229,female,empty,0
1284,2.8,81.9,232,male,full,1
1285,6.8,68.5,216,male,full,1
1286,4.0,59.6,193,male,full,1
1287,6.2,65.8,220,male,empty,1
1288,4.3,50.0,159,male,full,1
1289,8.3,100.6,197,female,full,1
1290,7.4,58.1,15,female,empty,0
1291,6.4,70.7,64,male,full,1
1292,6.7,45.0,169,male,full,0
1293,4.0,72.9,156,female,full,1
1294,9.0,85.5,222,female,full,1
1295,4.7,47.4,172,female,empty,0
1296,4.1,79.1,215,male,full,1
1297,3.0,64.5,64,female,empty,1
1298,8.3,99.5,165,female,full,1
1299,5.3,97.8,199,female,empty,1
1300,8.8,81.2,100,male,empty,0
1301,8.8,68.6,192,female,empty,0
1302,4.9,86.9,245,male,full,1
1303,4.6,69.9,153,male,empty,1
1304,5.2,89.8,318,female,full,1
1305,3.1,84.6,199,male,full,1
1306,7.9,79.4,100,female,empty,0
1307,7.2,64.3,119,male,full,1
1308,10.3,92.5,46,female,full,0
1309,8.6,82.7,93,female,full,0
1310,4.5,75.1,74,male,full,1
1311,7.9,48.7,183,male,full,0
1312,3.0,101.6,193,male,empty,1
1313,4.9,58.1,148,male,full,1
1314,3.5,108.2,70,male,full,1
1315,5.1,78.7,205,male,empty,1
1316,3.5,67.4,76,female,empty,1
1317,4.7,97.3,259,female,empty,1
1318,5.2,90.9,165,female,full,1
1319,7.6,71.2,175,male,empty,0
1320,9.6,59.9,142,male,empty,0
1321,6.7,71.8,212,female,full,1
1322,0.5,72.7,41,male,full,1
1323,5.6,69.5,193,male,full,1
1324,6.2,61.8,78,female,full,0
1325,4.2,86.6,125,male,empty,1
1326,2.0,82.0,215,male,empty,1
1327,4.0,100.5,242,female,full,1
1328,5.4,85.5,255,female,full,1
1329,5.4,88.8,59,female,empty,1
1330,5.7,95.3,141,male,empty,1
1331,7.5,82.0,207,female,empty,0
1332,7.3,54.2,15,male,empty,0
1333,3.2,85.1,138,male,empty,1
1334,7.6,81.7,306,female,full,1
1335,5.5,80.5,114,female,empty,1
1336,7.0,60.2,131,female,empty,0
1337,8.8,45.0,47,male,empty,0
1338,5.4,99.3,191,female,full,1
1339,3.3,66.5,27,male,empty,1
1340,4.5,81.1,212,male,full,1
1341,5.2,74.2,109,female,empty,1
1342,5.2,65.6,172,female,full,1
1343,7.8,56.3,186,male,empty,0
1344,1.1,77.2,229,female,full,1
1345,7.8,78.9,112,female,full,0
1346,2.4,74.0,180,female,empty,1
1347,3.4,49.2,114,female,empty,1
1348,6.1,97.8,205,female,full,1
1349,2.7,76.1,238,male,full,1
1350,4.2,84.0,167,male,empty,1
1351,4.3,68.0,108,female,empty,1
1352,3.9,79.5,108,male,full,1
1353,3.2,65.6,328,female,full,1
1354,7.0,64.6,135,female,full,0
1355,4.7,75.4,104,male,empty,1
1356,8.4,45.0,96,male,full,0
1357,8.3,73.1,25,female,full,0
1358,7.3,72.5,216,female,full,1
1359,4.4,45.0,103,male,full,1
1360,5.2,71.4,226,male,empty,1
1361,4.6,58.1,164,female,empty,1
1362,5.7,66.1,158,male,empty,1
1363,2.9,73.1,111,female,full,1
1364,5.9,60.5,32,male,full,0
1365,6.5,78.9,106,male,empty,1
1366,5.2,72.7,205,male,full,1
1367,4.4,59.1,147,female,full,1
1368,12.0,68.1,75,male,full,0
1369,3.9,105.5,43,male,full,1
1370,5.5,78.9,208,female,empty,1
1371,6.5,69.2,210,female,empty,0
1372,4.8,78.4,96,female,full,1
1373,5.9,61.5,169,male,full,1
1374,5.7,79.8,170,female,empty,1
1375,2.7,86.4,125,female,full,1
1376,5.5,77.0,174,male,full,1
1377,8.2,58.5,165,male,empty,0
1378,3.7,61.7,223,male,full,1
1379,3.6,81.0,99,male,empty,1
1380,8.3,82.0,144,male,full,1
1381,6.1,85.4,48,female,empty,0
1382,2.8,89.2,89,male,full,1
1383,3.7,78.4,162,male,empty,1
1384,3.6,86.2,93,female,full,1
1385,3.2,72.5,211,female,empty,1
1386,7.6,61.4,280,female,empty,0
1387,10.1,73.6,45,female,empty,0
1388,5.8,48.7,161,female,full,0
1389,3.8,51.6,70,male,empty,1
1390,5.8,67.7,170,male,empty,1
1391,3.2,67.2,64,female,empty,1
1392,2.4,65.8,137,male,empty,1
1393,6.6,54.6,211,female,empty,0
1394,7.6,67.3,15,male,empty,0
1395,3.8,55.4,115,female,empty,1
1396,4.6,111.6,179,male,full,1
1397,3.5,86.3,184,male,full,1
1398,4.9,91.3,153,female,empty,1
1399,5.0,69.8,171,male,full,1
1400,7.1,69.5,241,male,full,1
1401,5.5,65.8,131,female,full,1
1402,7.1,67.7,160,female,empty,0
1403,6.2,61.7,112,female,full,0
1404,4.2,71.1,248,male,empty,1
1405,2.0,84.6,35,male,empty,1
1406,6.5,53.6,75,male,empty,0
1407,3.3,57.8,136,male,empty,1
1408,5.1,60.4,78,female,full,0
1409,5.5,76.1,268,female,full,1
1410,4.3,85.6,258,male,empty,1
1411,3.4,90.6,114,female,full,1
1412,5.7,65.3,263,female,empty,1
1413,3.4,59.7,225,female,full,1
1414,4.8,59.7,205,male,empty,1
1415,6.1,72.0,85,female,empty,0
1416,6.4,77.3,60,female,full,0
1417,8.0,76.2,155,male,empty,0
1418,6.7,98.3,71,male,empty,1
1419,8.3,67.0,114,female,empty,0
1420,7.7,77.3,120,female,full,0
1421,7.7,78.1,156,male,full,1
1422,6.0,66.2,255,female,full,1
1423,2.9,87.0,130,male,full,1
1424,4.5,65.5,131,female,empty,1
1425,7.3,64.8,137,male,full,1
1426,8.2,73.7,222,female,full,1
1427,5.2,66.9,138,male,empty,1
1428,4.3,66.3,236,male,full,1
1429,7.0,71.4,113,male,empty,0
1430,6.1,67.6,140,female,full,1
1431,3.2,92.0,70,male,empty,1
1432,5.0,70.4,155,male,full,1
1433,3.7,61.8,119,female,full,1
1434,11.0,96.2,172,male,empty,0
1435,3.5,68.2,223,female,full,1
1436,4.5,61.6,157,female,full,1
1437,4.7,78.2,171,female,empty,1
1438,7.5,71.1,44,male,full,0
1439,3.0,88.7,63,female,full,1
1440,8.2,87.1,42,female,full,0
1441,6.6,114.4,138,male,full,1
1442,3.3,91.1,155,male,empty,1
1443,6.4,79.8,15,male,full,1
1444,7.5,55.1,227,male,full,1
1445,5.4,50.7,90,female,empty,0
1446,9.4,70.5,23,female,full,0
1447,3.9,87.3,119,female,full,1
1448,5.7,53.3,182,male,empty,0
1449,3.7,81.1,159,male,empty,1
1450,4.8,103.9,214,male,empty,1
1451,8.2,90.7,161,female,full,1
1452,6.4,59.6,152,female,empty,0
1453,6.3,79.0,126,female,empty,0
1454,7.0,75.7,251,male,full,1
1455,6.5,62.3,243,male,empty,1
1456,3.8,78.7,133,male,empty,1
1457,2.0,54.8,197,male,empty,1
1458,5.1,71.3,222,female,full,1
1459,7.9,91.4,219,male,full,1
1460,4.6,85.5,89,male,full,1
1461,0.5,52.2,107,male,empty,1
1462,6.4,63.1,106,male,full,1
1463,5.8,79.4,34,male,full,1
1464,4.7,61.7,189,male,full,1
1465,4.8,72.2,102,male,full,1
1466,6.2,74.1,203,male,full,1
1467,7.5,64.2,187,male,full,1
1468,6.1,62.7,159,male,empty,1
1469,5.2,76.6,164,female,empty,1
1470,9.4,67.4,201,male,empty,0
1471,5.6,72.8,218,female,full,1
1472,7.0,75.9,176,female,empty,0
1473,3.5,83.5,286,female,empty,1
1474,5.7,58.6,245,female,empty,1
1475,4.9,56.8,177,female,full,1
1476,3.5,85.7,59,male,empty,1
1477,3.8,90.4,291,female,full,1
1478,5.4,98.0,156,female,empty,1
1479,5.7,66.7,40,male,empty,0
1480,4.3,54.0,218,female,empty,1
1481,5.6,84.2,125,male,empty,1
1482,3.3,45.0,54,female,empty,0
1483,5.5,84.5,221,female,empty,1
1484,8.6,54.8,85,female,full,0
1485,6.1,78.7,98,male,full,1
1486,8.2,66.7,62,female,empty,0
1487,1.6,87.4,107,female,empty,1
1488,6.6,94.3,68,male,full,1
1489,4.6,79.9,34,female,full,1
1490,3.6,50.1,162,female,empty,1
1491,3.0,55.6,138,male,full,1
1492,0.5,77.5,101,male,full,1
1493,3.3,81.6,180,male,empty,1
1494,6.8,93.0,182,male,full,1
1495,7.5,48.8,216,male,full,0
1496,8.5,75.0,193,female,empty,0
1497,5.1,70.8,122,male,empty,1
1498,7.5,67.5,109,female,full,0
1499,2.8,86.1,128,male,full,1
1500,3.3,57.5,166,male,empty,1
1501,3.9,58.4,142,female,full,1
1502,7.8,74.9,71,male,empty,0
1503,7.2,78.8,93,female,empty,0
1504,6.5,56.3,102,female,empty,0
1505,5.5,70.6,24,female,full,0
1506,4.0,73.7,155,female,full,1
1507,4.2,54.5,200,female,full,1
1508,10.2,84.1,185,female,full,0
1509,6.2,86.5,15,male,full,1
1510,2.4,59.3,45,male,full,1
1511,3.6,93.1,87,female,full,1
1512,5.7,91.6,150,female,full,1
1513,4.6,81.5,227,female,empty,1
1514,8.7,48.2,239,female,empty,0
1515,8.5,63.4,150,female,empty,0
1516,4.1,84.6,250,male,full,1
1517,5.0,54.8,154,female,full,1
1518,6.0,85.9,172,male,full,1
1519,4.2,81.4,286,female,full,1
1520,5.8,71.5,222,female,full,1
1521,2.9,65.9,150,female,empty,1
1522,7.5,85.2,189,female,full,1
1523,7.1,83.2,32,male,full,1
1524,7.1,69.8,110,female,empty,0
1525,8.6,73.6,133,male,empty,0
1526,3.5,81.8,181,male,full,1
1527,3.9,58.6,122,male,full,1
1528,8.5,73.6,33,female,full,0
1529,6.8,94.0,56,female,full,1
1530,6.0,68.8,64,female,empty,0
1531,6.1,69.6,106,female,empty,0
1532,2.6,68.0,200,male,empty,1
1533,3.0,66.7,201,male,full,1
1534,1.8,88.2,229,female,full,1
1535,5.2,56.5,221,female,full,1
1536,9.8,83.9,39,male,full,0
1537,5.7,93.5,251,female,empty,1
1538,4.6,92.1,121,male,full,1
1539,3.7,45.0,81,female,empty,0
1540,7.0,72.3,207,male,full,1
1541,6.0,66.6,121,male,full,1
1542,4.9,87.1,131,male,full,1
1543,3.7,75.7,198,female,empty,1
1544,5.3,65.8,67,male,full,1
1545,4.7,45.0,178,male,full,1
1546,5.8,109.4,105,female,full,1
1547,5.0,70.8,169,female,full,1
1548,4.2,60.1,81,male,empty,1
1549,6.3,63.3,198,male,empty,1
1550,5.3,76.2,172,male,empty,1
1551,7.9,102.3,228,male,empty,1
1552,8.3,88.3,97,male,empty,0
1553,6.6,85.8,266,male,full,1
1554,6.2,62.7,160,female,empty,0
1555,3.6,87.3,134,male,full,1
1556,3.6,57.4,127,male,full,1
1557,9.4,49.1,181,female,full,0
1558,2.4,80.8,170,female,empty,1
1559,4.0,72.8,201,male,empty,1
1560,6.7,92.7,188,male,empty,1
1561,6.5,89.3,141,female,empty,1
1562,4.7,59.8,127,male,full,1
1563,5.2,102.9,141,male,full,1
1564,5.7,91.7,220,female,full,1
1565,3.1,92.8,184,female,empty,1
1566,6.9,60.2,81,female,full,0
1567,7.5,84.9,169,female,full,1
1568,2.6,65.9,149,female,empty,1
1569,5.6,87.7,216,male,full,1
1570,5.7,68.2,48,male,empty,0
1571,8.4,85.3,206,female,empty,0
1572,6.9,53.5,138,female,empty,0
1573,4.8,63.3,233,female,empty,1
1574,5.2,74.5,88,male,empty,1
1575,4.8,69.8,126,female,full,1
1576,5.9,72.4,223,female,full,1
1577,3.6,73.0,147,female,empty,1
1578,6.7,59.9,67,male,full,0
1579,4.7,79.5,177,female,full,1
1580,5.2,91.2,156,female,full,1
1581,7.1,71.5,157,female,full,1
1582,5.5,68.7,185,male,full,1
1583,4.3,68.0,81,female,full,1
1584,7.4,75.5,168,female,empty,0
1585,3.3,46.0,226,male,full,1
1586,3.2,64.7,130,female,full,1
1587,6.7,54.5,141,male,full,0
1588,6.5,63.8,157,female,full,0
1589,10.0,87.2,132,male,full,1
1590,7.2,45.0,81,female,empty,0
1591,6.6,84.4,118,male,full,1
1592,6.7,62.6,118,male,empty,0
1593,2.3,80.6,156,female,full,1
1594,4.6,65.4,246,male,full,1
1595,0.6,66.6,158,female,full,1
1596,5.6,77.7,171,male,empty,1
1597,2.2,72.7,138,male,full,1
1598,4.1,88.2,49,male,full,1
1599,4.1,86.4,213,female,full,1
1600,7.8,55.4,192,male,empty,0
1601,2.3,75.9,15,male,empty,1
1602,4.8,68.9,36,female,full,1
1603,5.1,101.9,27,male,full,1
1604,4.8,88.2,204,male,full,1
1605,5.8,76.5,153,female,full,1
1606,8.7,83.3,37,male,empty,0
1607,4.3,64.5,133,male,empty,1
1608,5.5,49.0,217,female,full,0
1609,4.3,78.7,118,female,empty,1
1610,2.7,75.1,209,male,empty,1
1611,7.8,52.2,213,female,empty,0
1612,6.0,77.1,139,female,full,1
1613,5.3,61.9,204,female,full,1
1614,7.6,67.6,180,male,full,1
1615,4.7,82.6,189,male,full,1
1616,7.0,105.5,184,female,full,1
1617,3.5,92.2,172,female,empty,1
1618,12.0,90.5,257,male,full,1
1619,3.7,75.7,192,female,full,1
1620,7.7,65.7,82,female,empty,0
1621,3.1,75.8,180,female,empty,1
1622,6.9,63.3,94,male,empty,0
1623,6.9,93.8,200,male,empty,1
1624,5.0,58.4,95,male,full,1
1625,2.6,64.3,117,male,empty,1
1626,6.4,50.6,101,male,empty,0
1627,6.9,81.4,256,female,full,1
1628,7.5,55.6,261,female,full,0
1629,3.6,84.1,45,male,empty,1
1630,4.9,80.7,258,male,full,1
1631,3.6,64.6,203,male,full,1
1632,4.0,65.2,47,female,empty,1
1633,5.1,72.5,145,male,empty,1
1634,3.1,77.2,194,female,full,1
1635,0.9,92.2,66,male,full,1
1636,7.2,55.8,230,female,full,0
1637,9.8,63.9,146,male,empty,0
1638,6.2,69.2,158,male,empty,1
1639,0.5,74.6,337,male,empty,1
1640,6.2,82.8,172,female,full,1
1641,9.1,57.2,126,female,empty,0
1642,3.5,89.3,203,female,empty,1
1643,6.4,77.7,236,female,full,1
1644,6.4,82.1,244,male,empty,1
1645,5.1,103.6,282,female,empty,1
1646,5.5,68.2,155,male,full,1
1647,2.8,78.1,184,male,full,1
1648,4.8,79.6,122,male,empty,1
1649,2.0,90.2,29,male,full,1
1650,1.9,88.5,70,female,full,1
1651,6.8,68.6,53,male,empty,0
1652,7.0,67.5,161,female,empty,0
1653,7.5,79.5,67,female,full,0
1654,3.4,45.0,224,male,full,1
1655,5.8,91.4,198,female,empty,1
1656,3.3,90.9,196,female,empty,1
1657,7.6,95.5,202,male,empty,1
1658,6.2,56.5,101,female,full,0
1659,6.0,82.4,90,male,empty,1
1660,7.2,96.4,149,male,empty,1
1661,6.0,111.9,183,male,full,1
1662,3.3,83.0,246,female,empty,1
1663,3.6,57.4,121,female,full,1
1664,7.2,81.8,15,male,full,0
1665,4.3,66.2,238,female,full,1
1666,5.5,76.3,15,male,empty,0
1667,8.5,100.6,129,male,full,1
1668,5.4,56.5,36,male,empty,0
1669,5.5,74.9,177,male,full,1
1670,5.0,47.4,134,male,full,1
1671,6.6,85.3,200,female,full,1
1672,5.9,70.2,65,female,full,0
1673,6.8,83.9,15,male,full,1
1674,8.7,69.7,126,male,full,0
1675,6.5,97.5,204,male,full,1
1676,5.4,87.9,133,female,empty,1
1677,5.9,71.8,185,male,empty,1
1678,5.3,79.2,153,male,empty,1
1679,8.3,98.7,98,female,full,1
1680,4.7,73.8,83,female,full,1
1681,5.0,60.7,205,male,full,1
1682,7.1,66.6,122,female,full,0
1683,3.1,69.0,112,male,full,1
1684,7.2,86.8,135,female,full,1
1685,2.3,58.2,115,male,full,1
1686,6.6,75.2,181,male,full,1
1687,4.4,84.9,224,female,full,1
1688,7.8,69.1,223,male,full,1
1689,3.9,64.7,78,male,empty,1
1690,1.4,60.1,80,female,full,1
1691,5.5,71.7,113,male,full,1
1692,5.1,76.4,23,male,full,1
1693,5.4,72.0,115,female,empty,0
1694,2.2,62.5,128,female,empty,1
1695,5.9,98.1,192,male,empty,1
1696,7.0,93.9,184,female,empty,1
1697,4.4,74.3,202,female,empty,1
1698,7.8,55.9,127,female,full,0
1699,5.4,110.0,171,male,full,1
1700,5.1,63.7,186,female,empty,1
1701,5.3,60.8,235,male,full,1
1702,5.8,59.6,145,male,full,1
1703,10.4,94.8,118,male,empty,0
1704,5.0,103.9,78,female,empty,1
1705,5.8,66.2,196,female,full,1
1706,5.1,63.4,198,female,empty,1
1707,6.9,56.1,172,female,full,0
1708,8.8,54.9,162,female,empty,0
1709,6.9,68.1,103,male,full,1
1710,4.3,77.2,99,female,full,1
1711,7.4,55.6,103,female,empty,0
1712,3.7,76.2,89,male,empty,1
1713,7.4,69.1,96,male,full,1
1714,4.1,72.5,127,male,empty,1
1715,4.6,69.2,246,female,full,1
1716,3.6,80.2,228,male,empty,1
1717,6.2,87.4,117,male,empty,1
1718,7.7,71.7,84,male,empty,0
1719,5.9,86.8,283,male,full,1
1720,2.3,83.7,62,male,empty,1
1721,6.2,82.6,47,female,full,1
1722,4.2,77.8,208,female,empty,1
1723,5.8,90.3,173,female,empty,1
1724,5.6,70.4,99,female,full,1
1725,8.7,65.1,124,female,empty,0
1726,7.6,72.2,152,female,empty,0
1727,4.9,61.9,122,female,empty,0
1728,6.4,78.2,154,male,full,1
1729,4.4,53.7,185,female,full,1
1730,2.9,84.1,109,female,empty,1
1731,3.3,76.3,238,male,full,1
1732,4.7,76.0,122,female,empty,1
1733,5.3,101.8,128,male,full,1
1734,6.6,79.8,177,female,full,1
1735,5.5,75.8,144,male,full,1
1736,7.1,65.1,164,male,empty,0
1737,5.0,62.0,210,female,full,1
1738,4.0,111.0,176,male,full,1
1739,5.9,58.4,139,male,empty,0
1740,6.1,58.3,119,female,full,0
1741,4.9,62.7,88,female,empty,0
1742,3.5,74.9,197,male,empty,1
1743,5.0,66.4,145,female,full,1
1744,4.7,77.2,106,female,empty,1
1745,5.5,85.5,157,male,empty,1
1746,3.2,85.0,124,female,full,1
1747,5.8,68.2,173,male,empty,1
1748,3.7,76.3,150,male,full,1
1749,5.8,80.3,65,male,empty,1
1750,4.8,88.0,184,male,full,1
1751,4.1,71.8,163,male,empty,1
1752,7.9,87.7,150,female,empty,0
1753,6.2,80.0,291,female,empty,1
1754,3.4,98.0,123,female,empty,1
1755,6.7,85.2,168,female,full,1
1756,8.9,74.7,18,male,full,0
1757,6.8,54.5,202,female,empty,0
1758,3.2,78.7,109,male,full,1
1759,4.9,86.8,117,female,empty,1
1760,8.3,72.2,15,female,full,0
1761,8.0,83.0,213,female,empty,0
1762,8.9,74.9,56,male,empty,0
1763,4.1,61.1,112,male,empty,1
1764,1.6,49.2,15,male,full,1
1765,3.5,78.0,106,female,empty,1
1766,4.3,69.9,195,male,empty,1
1767,10.5,59.0,229,female,full,0
1768,1.2,91.1,189,female,full,1
1769,2.2,55.0,191,female,empty,1
1770,2.9,84.4,219,female,empty,1
1771,2.0,73.5,83,female,full,1
1772,8.6,63.1,19,male,full,0
1773,6.9,84.8,178,male,empty,1
1774,5.3,109.7,118,male,empty,1
1775,7.2,72.3,113,male,full,1
1776,3.2,77.5,159,male,full,1
1777,3.8,55.1,191,male,full,1
1778,11.5,45.0,186,male,empty,0
1779,5.1,84.3,28,male,empty,1
1780,2.0,82.6,29,female,full,1
1781,5.7,68.4,204,male,full,1
1782,1.3,65.4,196,male,full,1
1783,10.3,66.3,166,male,full,0
1784,6.4,66.6,110,male,full,1
1785,9.1,81.4,91,female,empty,0
1786,4.2,77.1,152,male,full,1
1787,5.9,66.3,162,male,full,1
1788,7.0,94.4,218,female,empty,1
1789,4.2,91.6,242,male,empty,1
1790,2.4,97.4,34,male,empty,1
1791,6.5,82.0,260,female,full,1
1792,6.3,70.4,124,female,full,1
1793,5.4,70.3,232,male,full,1
1794,7.3,62.6,47,male,full,0
1795,4.4,87.3,203,male,full,1
1796,3.9,85.7,101,female,empty,1
1797,8.3,74.0,91,female,empty,0
1798,2.1,92.0,91,male,empty,1
1799,5.3,73.5,80,female,empty,0
1800,6.7,66.9,173,female,full,1
1801,5.5,75.9,207,male,empty,1
1802,9.5,90.9,161,female,full,0
1803,7.9,65.3,126,male,full,0
1804,7.0,59.6,43,female,empty,0
1805,5.6,52.6,99,male,empty,0
1806,8.0,90.6,141,female,full,1
1807,7.2,46.9,105,female,empty,0
1808,4.7,72.1,185,male,empty,1
1809,5.5,67.1,89,female,full,1
1810,4.1,65.4,132,male,full,1
1811,7.9,54.8,109,female,empty,0
1812,4.5,64.7,135,female,full,1
1813,4.2,56.6,233,male,full,1
1814,6.8,72.1,15,male,empty,0
1815,6.9,88.0,174,female,empty,1
1816,3.4,80.4,62,male,empty,1
1817,8.6,79.3,111,male,empty,0
1818,6.3,78.5,166,male,empty,1
1819,4.0,47.5,116,male,full,1
1820,4.6,102.0,15,male,empty,1
1821,5.9,73.9,46,male,full,1
1822,1.8,94.7,131,male,full,1
1823,8.8,78.7,118,male,empty,0
1824,7.2,66.3,193,male,empty,0
1825,4.6,71.1,234,female,empty,1
1826,7.2,79.4,235,female,full,1
1827,4.6,73.6,130,male,full,1
1828,4.4,101.0,178,female,full,1
1829,4.1,81.6,187,male,full,1
1830,1.8,78.3,102,male,empty,1
1831,4.3,99.7,188,female,empty,1
1832,8.8,65.6,104,female,full,0
1833,6.9,75.1,158,male,full,1
1834,7.1,96.7,108,male,full,1
1835,7.5,82.3,210,female,empty,1
1836,1.7,95.9,223,male,empty,1
1837,3.9,81.3,141,female,full,1
1838,6.6,74.0,86,female,full,0
1839,9.9,71.4,203,male,empty,0
1840,5.4,79.6,144,female,empty,1
1841,7.7,65.5,143,male,empty,0
1842,7.3,72.5,134,female,empty,0
1843,9.8,94.5,167,female,empty,0
1844,4.8,68.4,207,female,empty,1
1845,8.1,49.3,154,male,empty,0
1846,3.7,57.9,152,female,empty,1
1847,1.7,83.5,19,female,empty,1
1848,5.8,81.1,235,male,full,1
1849,5.5,77.5,87,male,empty,1
1850,6.0,87.1,174,female,full,1
1851,8.0,70.1,109,female,empty,0
1852,3.8,68.3,121,male,full,1
1853,5.3,84.2,259,female,full,1
1854,7.4,66.7,176,female,empty,0
1855,4.0,61.4,153,male,empty,1
1856,7.8,77.6,159,male,empty,1
1857,5.2,68.1,199,male,full,1
1858,8.9,77.8,61,female,empty,0
1859,9.1,60.3,162,male,full,0
1860,9.8,71.9,43,female,empty,0
1861,4.9,58.3,186,female,empty,1
1862,2.7,69.3,113,male,full,1
1863,2.9,69.4,168,male,full,1
1864,7.0,83.0,126,male,empty,1
1865,3.6,80.7,100,female,full,1
1866,5.0,80.9,164,male,empty,1
1867,4.3,59.4,165,male,full,1
1868,8.7,78.1,166,female,empty,0
1869,8.7,65.8,54,female,full,0
1870,2.5,54.7,252,female,empty,1
1871,5.4,86.4,301,female,empty,1
1872,5.8,77.8,156,male,empty,1
1873,2.3,84.7,163,male,full,1
1874,5.0,70.9,128,male,empty,1
1875,7.2,66.3,183,female,empty,0
1876,9.0,67.1,146,male,empty,0
1877,5.7,88.1,121,male,empty,1
1878,2.7,54.3,166,male,empty,1
1879,3.7,56.9,173,female,empty,1
1880,5.0,65.0,139,male,empty,1
1881,3.1,61.2,53,female,full,1
1882,4.3,75.0,213,male,full,1
1883,2.6,52.1,159,male,empty,1
1884,5.9,68.7,111,female,full,1
1885,3.9,82.0,15,male,full,1
1886,5.0,83.1,238,male,full,1
1887,4.4,93.6,159,female,full,1
1888,7.9,110.2,195,male,full,1
1889,6.5,80.4,89,male,full,1
1890,4.9,62.7,284,female,full,1
1891,9.8,68.5,15,female,empty,0
1892,5.6,83.4,120,male,full,1
1893,5.9,102.9,139,male,full,1
1894,3.0,72.8,208,female,empty,1
1895,4.4,76.8,136,male,full,1
1896,5.4,86.6,157,female,empty,1
1897,8.3,118.4,218,female,empty,1
1898,4.8,94.3,217,male,full,1
1899,5.1,62.7,212,male,empty,1
1900,8.0,93.7,15,male,full,1
1901,6.5,50.3,175,female,full,0
1902,2.8,87.3,266,female,full,1
1903,9.1,54.8,276,female,full,0
1904,6.9,83.5,148,female,empty,0
1905,4.3,73.9,237,male,full,1
1906,8.1,84.7,206,male,full,1
1907,4.3,75.8,279,female,full,1
1908,2.1,45.0,84,female,full,1
1909,5.3,72.3,86,female,empty,0
1910,6.9,62.4,15,female,full,0
1911,3.9,80.1,136,female,full,1
1912,4.6,60.7,123,female,full,1
1913,9.2,79.0,198,male,full,1
1914,5.4,82.6,272,female,full,1
1915,5.9,58.9,176,female,full,1
1916,5.2,77.7,186,male,empty,1
1917,6.9,87.0,235,female,full,1
1918,6.0,91.1,165,female,full,1
1919,6.1,93.4,200,female,full,1
1920,9.2,52.9,15,female,empty,0
1921,4.6,72.9,61,female,empty,1
1922,4.7,45.0,162,female,full,0
1923,4.5,57.3,164,female,empty,1
1924,9.8,79.8,282,male,empty,1
1925,8.0,93.0,176,female,full,1
1926,6.3,87.2,193,male,empty,1
1927,5.4,84.8,191,female,empty,1
1928,7.8,45.0,108,female,empty,0
1929,4.8,87.1,228,female,empty,1
1930,3.6,68.6,182,female,empty,1
1931,7.6,62.8,119,female,empty,0
1932,4.5,61.5,109,male,full,1
1933,2.8,60.8,119,male,full,1
1934,9.8,68.3,212,male,full,0
1935,5.2,72.0,255,female,empty,1
1936,1.8,66.2,129,female,empty,1
1937,3.6,78.4,40,male,empty,1
1938,8.5,83.4,211,male,full,1
1939,4.4,104.5,78,male,full,1
1940,6.8,56.0,109,female,full,0
1941,6.3,61.6,151,male,empty,0
1942,4.4,68.3,313,female,empty,1
1943,5.0,77.0,213,male,full,1
1944,6.2,78.3,126,male,empty,1
1945,4.4,104.9,112,male,full,1
1946,5.6,82.5,97,female,full,1
1947,6.9,73.6,114,female,full,0
1948,6.7,69.6,169,female,empty,0
1949,7.4,52.8,194,female,empty,0
1950,9.7,73.7,69,male,empty,0
1951,6.3,98.1,182,female,empty,1
1952,6.9,92.6,192,male,empty,1
1953,8.4,45.8,80,female,empty,0
1954,7.3,92.2,191,female,empty,1
1955,4.0,72.6,225,female,empty,1
1956,0.7,71.9,88,female,empty,1
1957,5.0,78.0,120,male,empty,1
1958,2.9,73.0,177,male,empty,1
1959,2.5,71.5,248,female,full,1
1960,6.4,60.2,118,female,full,0
1961,4.8,65.4,138,female,empty,1
1962,4.3,64.3,126,male,full,1
1963,3.2,55.6,129,female,empty,1
1964,7.5,73.4,164,male,empty,1
1965,7.7,81.5,163,male,empty,1
1966,7.6,98.6,231,female,empty,1
1967,5.8,65.5,78,male,full,1
1968,7.4,72.1,114,male,empty,0
1969,7.1,77.5,69,female,full,0
1970,9.3,84.7,126,female,empty,0
1971,1.2,59.6,39,male,empty,1
1972,3.4,97.5,136,female,empty,1
1973,6.2,45.0,120,male,full,0
1974,7.6,86.1,84,male,full,1
1975,6.8,72.8,68,male,full,1
1976,3.1,93.1,193,female,full,1
1977,3.8,50.3,251,male,full,1
1978,2.9,70.2,241,male,full,1
1979,6.8,76.2,72,male,full,1
1980,3.4,74.3,116,female,full,1
1981,6.4,76.0,34,male,empty,0
1982,4.7,73.3,80,male,full,1
1983,7.4,86.4,140,male,empty,1
1984,5.8,58.5,125,male,empty,0
1985,4.1,94.7,66,female,full,1
1986,7.8,85.8,186,female,empty,0
1987,2.4,77.3,153,male,empty,1
1988,5.3,75.4,109,female,full,1
1989,2.8,76.3,126,female,empty,1
1990,6.0,57.5,100,female,empty,0
1991,2.3,71.4,61,female,full,1
1992,7.0,91.5,112,female,empty,0
1993,4.4,78.7,138,female,empty,1
1994,5.0,55.5,76,female,empty,0
1995,3.2,81.6,305,female,full,1
1996,4.7,69.6,206,male,empty,1
1997,6.5,82.9,241,male,empty,1
1998,7.0,58.3,105,female,full,0
1999,5.7,68.1,192,female,full,1
